{"alpha": 0.393512536060296, "beta": 0.25448962950322085, "tau_min": 0.001655977617931191, "tau_max": 0.62151573894662, "sigma": 0.08853130281002586, "learning_starts": 46762, "update_factor": 2, "batch_size": 128}